<?xml version="1.0" encoding="UTF-8"?>
<!DOCTYPE jboss PUBLIC "-//JBoss//DTD JBOSS 4.0//EN" "http://www.jboss.org/j2ee/dtd/jboss_4_0.dtd">

<jboss>

   <enterprise-beans>

      <entity>
         <ejb-name>Loan</ejb-name>
         <local-jndi-name>Loan</local-jndi-name>
        <method-attributes>
        </method-attributes>
      </entity>

      <session>
         <ejb-name>LoanManager</ejb-name>
         <jndi-name>org.apache.geronimo.samples.loan.ejb.LoanManager</jndi-name>
         <local-jndi-name>LoanManager</local-jndi-name>
        <method-attributes>
        </method-attributes>
      </session>

   </enterprise-beans>

   <resource-managers>
   </resource-managers>
  
</jboss>
