<?xml version="1.0" encoding="UTF-8"?><openejb-jar xmlns="http://www.openejb.org/xml/ns/openejb-jar-2.1">	<dep:environment xmlns:dep="http://geronimo.apache.org/xml/ns/deployment-1.2">		<dep:moduleId>			<dep:groupId>org.apache.geronimo.samples</dep:groupId>			<dep:artifactId>LoanManagerEJB</dep:artifactId>			<dep:version>1.0</dep:version>			<dep:type>car</dep:type>		</dep:moduleId>		<dep:dependencies/>		<dep:hidden-classes/>		<dep:non-overridable-classes/>	</dep:environment>	<enterprise-beans>		<session>			<ejb-name>LoanManager</ejb-name>			<ejb-ref>				<ref-name>ejb/LoanLocal</ref-name>				<ejb-link>Loan</ejb-link>			</ejb-ref>		</session>		<entity>			<ejb-name>Loan</ejb-name>						<resource-ref>				<ref-name>jdbc/LoanDataSource</ref-name>				<resource-link>SystemDatasource</resource-link>			</resource-ref>		</entity>	</enterprise-beans></openejb-jar>