<?xml version="1.0" encoding="UTF-8"?>

<ejb-jar  xmlns="http://java.sun.com/xml/ns/j2ee" xmlns:xsi="http://www.w3.org/2001/XMLSchema-instance" xsi:schemaLocation="http://java.sun.com/xml/ns/j2ee http://java.sun.com/xml/ns/j2ee/ejb-jar_2_1.xsd" version="2.1">

   <display-name>Generated by XDoclet</display-name>

   <enterprise-beans>

      <!-- Session Beans -->
      <session >
         <description><![CDATA[ShoppingCart]]></description>
         <display-name>ShoppingCart</display-name>

         <ejb-name>ShoppingCart</ejb-name>

         <local-home>org.apache.geronimo.samples.computer.ejb.ShoppingCartLocalHome</local-home>
         <local>org.apache.geronimo.samples.computer.ejb.ShoppingCartLocal</local>
         <ejb-class>org.apache.geronimo.samples.computer.ejb.ShoppingCartBean</ejb-class>
         <session-type>Stateful</session-type>
         <transaction-type>Container</transaction-type>

         <ejb-local-ref >
            <ejb-ref-name>ejb/ItemServiceLocal</ejb-ref-name>
            <ejb-ref-type>Session</ejb-ref-type>
            <local-home>org.apache.geronimo.samples.computer.ejb.ItemServiceLocalHome</local-home>
            <local>org.apache.geronimo.samples.computer.ejb.ItemServiceLocal</local>
            <ejb-link>ItemService</ejb-link>
         </ejb-local-ref>

      </session>

      <session >
         <description><![CDATA[ItemService]]></description>
         <display-name>ItemService</display-name>

         <ejb-name>ItemService</ejb-name>

         <local-home>org.apache.geronimo.samples.computer.ejb.ItemServiceLocalHome</local-home>
         <local>org.apache.geronimo.samples.computer.ejb.ItemServiceLocal</local>
         <ejb-class>org.apache.geronimo.samples.computer.ejb.ItemServiceBean</ejb-class>
         <session-type>Stateless</session-type>
         <transaction-type>Container</transaction-type>

      </session>

     <!--
       To add session beans that you have deployment descriptor info for, add
       a file to your XDoclet merge directory called session-beans.xml that contains
       the <session></session> markup for those beans.
     -->

      <!-- Entity Beans -->
     <!--
       To add entity beans that you have deployment descriptor info for, add
       a file to your XDoclet merge directory called entity-beans.xml that contains
       the <entity></entity> markup for those beans.
     -->

      <!-- Message Driven Beans -->
     <!--
       To add message driven beans that you have deployment descriptor info for, add
       a file to your XDoclet merge directory called message-driven-beans.xml that contains
       the <message-driven></message-driven> markup for those beans.
     -->

   </enterprise-beans>

   <!-- Relationships -->

   <!-- Assembly Descriptor -->
     <!--
       To specify your own assembly descriptor info here, add a file to your
       XDoclet merge directory called assembly-descriptor.xml that contains
       the <assembly-descriptor></assembly-descriptor> markup.
     -->

   <assembly-descriptor >
     <!--
       To specify additional security-role elements, add a file in the merge
       directory called ejb-security-roles.xml that contains them.
     -->

   <!-- method permissions -->
     <!--
       To specify additional method-permission elements, add a file in the merge
       directory called ejb-method-permissions.ent that contains them.
     -->

   <!-- transactions -->
     <!--
       To specify additional container-transaction elements, add a file in the merge
       directory called ejb-container-transactions.ent that contains them.
     -->

   <!-- finder transactions -->

   <!-- message destinations -->
     <!--
       To specify additional message-destination elements, add a file in the merge
       directory called ejb-message-destinations.ent that contains them.
     -->

   <!-- exclude list -->
     <!--
       To specify an exclude-list element, add a file in the merge directory
       called ejb-exclude-list.xml that contains it.
     -->
   </assembly-descriptor>

</ejb-jar>
