<?xml version="1.0" encoding="ISO-8859-1"?>
<web-app xmlns="http://geronimo.apache.org/xml/ns/j2ee/web-1.1" xmlns:naming="http://geronimo.apache.org/xml/ns/naming-1.1">
    <dep:environment xmlns:dep="http://geronimo.apache.org/xml/ns/deployment-1.1">
	    <dep:moduleId>
		    <dep:groupId>BrokerageApp</dep:groupId>
			<dep:artifactId>MySqlDS</dep:artifactId>
			<dep:version>2.0</dep:version>
			<dep:type>car</dep:type>
		</dep:moduleId>

		<dep:dependencies>
		    <dep:dependency>
		        <dep:groupId>user</dep:groupId>
			    <dep:artifactId>jdbcdatasource</dep:artifactId>
			    <dep:version>2.0</dep:version>
			    <dep:type>car</dep:type>
			</dep:dependency>
		</dep:dependencies>

	</dep:environment>
<context-root>/brokerage</context-root>

<resource-ref>
	<ref-name>jdbc/TradeDB</ref-name>
     <resource-link>TradeDS</resource-link>
</resource-ref>
</web-app>
