<assembly>
  <id>dist</id>
  <formats>
    <format>zip</format>
  </formats>
  <includeBaseDirectory>false</includeBaseDirectory>
  <fileSets>
    <fileSet>
      <directory>target</directory>
      <outputDirectory/>
      <includes>
        <include>*.jar</include>
      </includes>
    </fileSet>
  </fileSets>
  <files>
    <file>
      <source>${parent.relative.dir}/log4j.properties</source>
      <outputDirectory/>
    </file>
  </files>
  <dependencySets>
    <dependencySet>
      <outputDirectory>/lib</outputDirectory>
      <unpack>false</unpack>
      <scope>runtime</scope>
       <!-- Need to explicity include dependencies here until optional dependencies are sorted out. -->
       <includes>
        <include>org.jboss.microcontainer:jboss-kernel</include>
        <include>org.jboss.microcontainer:jboss-dependency</include>
        <include>org.jboss.microcontainer:jboss-container</include>
        <include>org.jboss:jboss-common-core</include>
        <include>jboss:jboss-common-core</include>
        <include>jboss:jboss-common-logging-spi</include>
        <include>jboss:jboss-common-logging-log4j</include>
        <include>log4j:log4j</include>
        <include>org.jboss:jbossxb</include>
        <include>apache-xerces:xercesImpl</include>
        <include>oswego-concurrent:concurrent</include>
        <include>org.jboss.aop:jboss-aop</include>
        <include>org.jboss.microcontainer:jboss-aop-mc-int</include>
        <include>org.jboss:javassist</include>
        <include>trove:trove</include>
      </includes>
    </dependencySet>
  </dependencySets>
</assembly>
