<?xml version="1.0" encoding="UTF-8"?>

<deployment xmlns:xsi="http://www.w3.org/2001/XMLSchema-instance"
            xsi:schemaLocation="urn:jboss:bean-deployer:2.0 bean-deployer_2_0.xsd"
            xmlns="urn:jboss:bean-deployer:2.0">

   <bean name="Lifecycle1" class="org.jboss.example.microcontainer.lifecycle.LifecycleBean">
      <constructor>
         <parameter>Lifecycle1</parameter>
      </constructor>
      <depends>Lifecycle2</depends>
   </bean>

   <bean name="Lifecycle2" class="org.jboss.example.microcontainer.lifecycle.LifecycleBean">
      <constructor>
         <parameter>Lifecycle2</parameter>
      </constructor>
   </bean>
      
</deployment>
