<?xml version="1.0" encoding="UTF-8"?>
<web-app xmlns="http://geronimo.apache.org/xml/ns/j2ee/web-1.1" xmlns:naming="http://geronimo.apache.org/xml/ns/naming-1.1">
  <dep:environment xmlns:dep="http://geronimo.apache.org/xml/ns/deployment-1.1">
    <dep:moduleId>
      <dep:groupId>org.apache.geronimo.samples</dep:groupId>
      <dep:artifactId>LoanManagerWeb</dep:artifactId>
      <dep:version>1.0</dep:version>
      <dep:type>car</dep:type>
    </dep:moduleId>
    <dep:dependencies/>	
    <dep:hidden-classes/>
    <dep:non-overridable-classes/>
  </dep:environment>
 
  <naming:ejb-local-ref>
	  <naming:ref-name>ejb/LoanManagerLocal</naming:ref-name>
	  <naming:ejb-link>LoanManager</naming:ejb-link>
  </naming:ejb-local-ref>
	
</web-app>