<?xml version="1.0" encoding="UTF-8"?><application xmlns="http://geronimo.apache.org/xml/ns/j2ee/application-1.1">	<dep:environment xmlns:dep="http://geronimo.apache.org/xml/ns/deployment-1.1">		<dep:moduleId>			<dep:groupId>org.apache.geronimo.samples</dep:groupId>			<dep:artifactId>Computer</dep:artifactId>			<dep:version>1.0</dep:version>			<dep:type>car</dep:type>		</dep:moduleId>		<dep:dependencies/>		<dep:hidden-classes/>		<dep:non-overridable-classes/>	</dep:environment></application>