<?xml version="1.0" encoding="UTF-8"?>
<!DOCTYPE jboss PUBLIC "-//JBoss//DTD JBOSS 4.0//EN" "http://www.jboss.org/j2ee/dtd/jboss_4_0.dtd">

<jboss>

   <enterprise-beans>

      <session>
         <ejb-name>ShoppingCart</ejb-name>
         <local-jndi-name>ShoppingCart</local-jndi-name>

        <method-attributes>
        </method-attributes>
      </session>
      <session>
         <ejb-name>ItemService</ejb-name>
         <local-jndi-name>ItemService</local-jndi-name>

        <method-attributes>
        </method-attributes>
      </session>

   </enterprise-beans>

   <resource-managers>
   </resource-managers>

</jboss>
