<?xml version="1.0" encoding="UTF-8"?>
<web-app xmlns="http://geronimo.apache.org/xml/ns/j2ee/web-1.2">
	<environment>
		<moduleId>
			<groupId>samples</groupId>
			<artifactId>LDAP_Sample</artifactId>
			<version>1.2</version>
		</moduleId>		
	</environment>
    <context-root>/LDAP_Sample</context-root>

    <security-realm-name>LDAP_Sample_Realm</security-realm-name>
    <security>
        <default-principal realm-name="LDAP_Sample_Realm">
            <principal class="org.apache.geronimo.security.realm.providers.GeronimoUserPrincipal" name="system"/>
        </default-principal>
        <role-mappings>
            <role role-name="content-administrator">
                <realm realm-name="LDAP_Sample_Realm">
                    <principal class="org.apache.geronimo.security.realm.providers.GeronimoGroupPrincipal" name="admin" designated-run-as="true"/>
                    <principal class="org.apache.geronimo.security.realm.providers.GeronimoUserPrincipal" name="system"/>
                </realm>
            </role>
            <role role-name="guest">
                <realm realm-name="LDAP_Sample_Realm">
                    <principal class="org.apache.geronimo.security.realm.providers.GeronimoGroupPrincipal" name="guest" designated-run-as="true"/>
                    <principal class="org.apache.geronimo.security.realm.providers.GeronimoUserPrincipal" name="user1"/>
                </realm>
            </role>
        </role-mappings>
    </security>
</web-app>