<?xml version="1.0" encoding="UTF-8"?>

<web-app xmlns="http://geronimo.apache.org/xml/ns/j2ee/web-1.1" xmlns:naming="http://geronimo.apache.org/xml/ns/naming-1.1" xmlns:security="http://geronimo.apache.org/xml/ns/security-1.1" xmlns:sys="http://geronimo.apache.org/xml/ns/deployment-1.1">
  <sys:environment>
    <sys:moduleId>
      <sys:groupId>j2g</sys:groupId>
      <sys:artifactId>web-module</sys:artifactId>
      <sys:version>1.0</sys:version>
      <sys:type>war</sys:type>
    </sys:moduleId>
    <sys:dependencies/>
  </sys:environment>
  <context-root>college_fest</context-root>
</web-app>
