<server>
    <mbean code="org.jboss.hibernate.jmx.Hibernate" 
           name="jboss.har:service=Hibernate">
        <attribute name="DatasourceName">java:jdbc/HibernateDS</attribute>
        
        <attribute name="Dialect"> 
            org.hibernate.dialect.MySQLDialect
        </attribute>
        <attribute name="SessionFactoryName">
            java:/hibernate/BrokerageSessionFactory
        </attribute>
        <attribute name="CacheProviderClass">
            org.hibernate.cache.HashtableCacheProvider
        </attribute>
         <!-- <attribute name="ScanForMappingsEnabled">true</attribute> -->
        <attribute name="ShowSqlEnabled">true</attribute>
    </mbean>
</server>