<?xml version="1.0" encoding="UTF-8"?>

<ejb-jar  xmlns="http://java.sun.com/xml/ns/j2ee" xmlns:xsi="http://www.w3.org/2001/XMLSchema-instance" xsi:schemaLocation="http://java.sun.com/xml/ns/j2ee http://java.sun.com/xml/ns/j2ee/ejb-jar_2_1.xsd" version="2.1">

   <display-name>Generated by XDoclet</display-name>

   <enterprise-beans>

      <!-- Session Beans -->
      <session >
         <description><![CDATA[LoanManager]]></description>
         <display-name>LoanManager</display-name>

         <ejb-name>LoanManager</ejb-name>

         <home>org.apache.geronimo.samples.loan.ejb.LoanManagerHome</home>
         <remote>org.apache.geronimo.samples.loan.ejb.LoanManager</remote>
         <local-home>org.apache.geronimo.samples.loan.ejb.LoanManagerLocalHome</local-home>
         <local>org.apache.geronimo.samples.loan.ejb.LoanManagerLocal</local>
         <ejb-class>org.apache.geronimo.samples.loan.ejb.LoanManagerBean</ejb-class>
         <session-type>Stateless</session-type>
         <transaction-type>Container</transaction-type>

         <ejb-local-ref >
            <ejb-ref-name>ejb/LoanLocal</ejb-ref-name>
            <ejb-ref-type>Entity</ejb-ref-type>
            <local-home>org.apache.geronimo.samples.loan.ejb.LoanHomeLocal</local-home>
            <local>org.apache.geronimo.samples.loan.ejb.LoanLocal</local>
            <ejb-link>Loan</ejb-link>
         </ejb-local-ref>

      </session>

     <!--
       To add session beans that you have deployment descriptor info for, add
       a file to your XDoclet merge directory called session-beans.xml that contains
       the <session></session> markup for those beans.
     -->

      <!-- Entity Beans -->
      <entity >
         <description><![CDATA[]]></description>

         <ejb-name>Loan</ejb-name>

         <local-home>org.apache.geronimo.samples.loan.ejb.LoanHomeLocal</local-home>
         <local>org.apache.geronimo.samples.loan.ejb.LoanLocal</local>

         <ejb-class>org.apache.geronimo.samples.loan.ejb.LoanBMP</ejb-class>
         <persistence-type>Bean</persistence-type>
         <prim-key-class>java.lang.Integer</prim-key-class>
         <reentrant>false</reentrant>

         <resource-ref >
            <res-ref-name>jdbc/LoanDataSource</res-ref-name>
            <res-type>javax.sql.DataSource</res-type>
            <res-auth>Container</res-auth>
         </resource-ref>

      </entity>

     <!--
       To add entity beans that you have deployment descriptor info for, add
       a file to your XDoclet merge directory called entity-beans.xml that contains
       the <entity></entity> markup for those beans.
     -->

      <!-- Message Driven Beans -->
     <!--
       To add message driven beans that you have deployment descriptor info for, add
       a file to your XDoclet merge directory called message-driven-beans.xml that contains
       the <message-driven></message-driven> markup for those beans.
     -->

   </enterprise-beans>

   <!-- Relationships -->

   <!-- Assembly Descriptor -->
     <!--
       To specify your own assembly descriptor info here, add a file to your
       XDoclet merge directory called assembly-descriptor.xml that contains
       the <assembly-descriptor></assembly-descriptor> markup.
     -->

   <assembly-descriptor >
     <!--
       To specify additional security-role elements, add a file in the merge
       directory called ejb-security-roles.xml that contains them.
     -->

   <!-- method permissions -->
     <!--
       To specify additional method-permission elements, add a file in the merge
       directory called ejb-method-permissions.ent that contains them.
     -->

   <!-- transactions -->
     <!--
       To specify additional container-transaction elements, add a file in the merge
       directory called ejb-container-transactions.ent that contains them.
     -->
   <container-transaction >
      <method >
         <ejb-name>Loan</ejb-name>
          <method-name>*</method-name>
       </method>
       <trans-attribute>Required</trans-attribute>
    </container-transaction>

   <!-- finder transactions -->

   <!-- message destinations -->
     <!--
       To specify additional message-destination elements, add a file in the merge
       directory called ejb-message-destinations.ent that contains them.
     -->

   <!-- exclude list -->
     <!--
       To specify an exclude-list element, add a file in the merge directory
       called ejb-exclude-list.xml that contains it.
     -->
   </assembly-descriptor>

</ejb-jar>
