<?xml version="1.0" encoding="UTF-8"?>
<!DOCTYPE jboss-web PUBLIC "-//JBoss//DTD Web Application 2.3V2//EN" "http://www.jboss.org/j2ee/dtd/jboss-web_3_2.dtd">

<jboss-web>

  <!-- EJB Local References -->
  <ejb-local-ref>
  	<ejb-ref-name>ejb/ItemServiceLocal</ejb-ref-name>
  	<local-jndi-name>ItemService</local-jndi-name>
  </ejb-local-ref>  
  <ejb-local-ref>
  	<ejb-ref-name>ejb/ShoppingCartLocal</ejb-ref-name>
  	<local-jndi-name>ShoppingCart</local-jndi-name>
  </ejb-local-ref>	
</jboss-web>

