<module xmlns="http://geronimo.apache.org/xml/ns/deployment-1.2">
    <environment>
        <moduleId>
            <groupId>console.realm</groupId>
            <artifactId>TimeReportRealm</artifactId>
            <version>1.0</version>
            <type>car</type>
        </moduleId>
        <dependencies>
            <dependency>
                <groupId>org.apache.geronimo.framework</groupId>
                <artifactId>j2ee-security</artifactId>
                <type>car</type>
            </dependency>
            <dependency>
                <groupId>console.dbpool</groupId>
                <artifactId>TimeReportPool</artifactId>
                <version>1.0</version>
                <type>rar</type>
            </dependency>
        </dependencies>
    </environment>
    <gbean name="TimeReportRealm" class="org.apache.geronimo.security.realm.GenericSecurityRealm" xsi:type="dep:gbeanType" xmlns:dep="http://geronimo.apache.org/xml/ns/deployment-1.2" xmlns:xsi="http://www.w3.org/2001/XMLSchema-instance">
        <attribute name="realmName">TimeReportRealm</attribute>
        <reference name="ServerInfo">
            <name>ServerInfo</name>
        </reference>
        <xml-reference name="LoginModuleConfiguration">
            <log:login-config xmlns:log="http://geronimo.apache.org/xml/ns/loginconfig-2.0">
                <log:login-module control-flag="REQUIRED" wrap-principals="false">
                    <log:login-domain-name>TimeReportRealm</log:login-domain-name>
                    <log:login-module-class>org.apache.geronimo.security.realm.providers.SQLLoginModule</log:login-module-class>
                    <log:option name="dataSourceName">TimeReportPool</log:option>
                    <log:option name="dataSourceApplication">null</log:option>
                    <log:option name="groupSelect">select userid, groupname from usergroups where userid=?</log:option>
                    <log:option name="userSelect">select userid, password from users where userid=?</log:option>
                </log:login-module>
            </log:login-config>
        </xml-reference>
    </gbean>
</module>