<?xml version="1.0" encoding="UTF-8"?>
<web-app xmlns="http://geronimo.apache.org/xml/ns/j2ee/web-2.0">
    <dep:environment xmlns:dep="http://geronimo.apache.org/xml/ns/deployment-1.2">
        <dep:moduleId>
            <dep:groupId>default</dep:groupId>
            <dep:artifactId>timereport-war-2.0-SNAPSHOT</dep:artifactId>
            <dep:version>1.0</dep:version>
            <dep:type>war</dep:type>
        </dep:moduleId>
    </dep:environment>
    <context-root>timereport-war-2.0-SNAPSHOT</context-root>
    <security-realm-name>TimeReportRealm</security-realm-name>
    <app:security default-role="" xsi:type="sec:securityType" xmlns:sec="http://geronimo.apache.org/xml/ns/security-2.0" xmlns:app="http://geronimo.apache.org/xml/ns/j2ee/application-2.0" xmlns:xsi="http://www.w3.org/2001/XMLSchema-instance">
        <sec:role-mappings>
            <sec:role role-name="employee">
                <sec:principal name="ManagerGroup" class="org.apache.geronimo.security.realm.providers.GeronimoGroupPrincipal"/>
                <sec:principal name="EmployeeGroup" class="org.apache.geronimo.security.realm.providers.GeronimoGroupPrincipal"/>
            </sec:role>
            <sec:role role-name="manager">
                <sec:principal name="ManagerGroup" class="org.apache.geronimo.security.realm.providers.GeronimoGroupPrincipal"/>
            </sec:role>
        </sec:role-mappings>
    </app:security>
</web-app>