<?xml version="1.0" encoding="ISO-8859-1"?>
<web-app xmlns="http://geronimo.apache.org/xml/ns/j2ee/web-1.1" xmlns:naming="http://geronimo.apache.org/xml/ns/naming-1.1">
    <dep:environment xmlns:dep="http://geronimo.apache.org/xml/ns/deployment-1.1">
	    <dep:moduleId>
		    <dep:groupId>BrokerageApp</dep:groupId>
			<dep:artifactId>MySqlDS</dep:artifactId>
			<dep:version>2.0</dep:version>
			<dep:type>car</dep:type>
		</dep:moduleId>
		
		<dep:dependencies>
		    <dep:dependency>
		        <dep:groupId>user</dep:groupId>
			    <dep:artifactId>database-pool-HibernateDB</dep:artifactId>
			    <dep:version>2.0</dep:version>
			    <dep:type>car</dep:type>
			</dep:dependency>
		</dep:dependencies>
		
		<dep:hidden-classes>
		    <dep:filter>org.springframework</dep:filter>
			<dep:filter>META-INF/spring</dep:filter>
			<!--dep:filter>antlr</dep:filter-->
		</dep:hidden-classes>
	</dep:environment>
	
	<context-root>/brokerage</context-root>
	
    <resource-ref>
        <ref-name>jdbc/HibernateDB</ref-name>
        <resource-link>HibernateDS</resource-link>
    </resource-ref> 
</web-app>
