<?xml version="1.0" encoding="UTF-8"?>
<web-app xmlns="http://geronimo.apache.org/xml/ns/j2ee/web-1.2">
    <dep:environment xmlns:dep="http://geronimo.apache.org/xml/ns/deployment-1.2">
        <dep:moduleId>
            <dep:groupId>default</dep:groupId>
            <dep:artifactId>WebAppEjbAccessAnnotations</dep:artifactId>
            <dep:version>1.0</dep:version>
            <dep:type>war</dep:type>
        </dep:moduleId>
        <dep:dependencies>
            <dep:dependency>
                <dep:groupId>default</dep:groupId>
                <dep:artifactId>CurrencyConverterEJB</dep:artifactId>
                <dep:version>1183365768144</dep:version>
                <dep:type>jar</dep:type>
            </dep:dependency>
        </dep:dependencies>
    </dep:environment>
    <context-root>WebAppEjbAccessAnnotations</context-root>
    <nam:ejb-ref xmlns:nam="http://geronimo.apache.org/xml/ns/naming-1.2">
        <nam:ref-name>ejb/Converter</nam:ref-name>
        <nam:pattern>
            <nam:groupId>default</nam:groupId>
            <nam:artifactId>CurrencyConverterEJB</nam:artifactId>
            <nam:version>1183365768144</nam:version>
            <nam:name>ConverterBean</nam:name>
        </nam:pattern>
    </nam:ejb-ref>
</web-app>