<?xml version="1.0" encoding="UTF-8"?>

<deployment xmlns:xsi="http://www.w3.org/2001/XMLSchema-instance"
            xsi:schemaLocation="urn:jboss:bean-deployer:2.0 bean-deployer_2_0.xsd"
            xmlns="urn:jboss:bean-deployer:2.0">

   <bean name="lookup" class="org.jboss.example.microcontainer.supply.PojoLookup">
      <demand>pojo</demand>
   </bean>

   <bean name="binder">
      <constructor factoryMethod="getInstance" factoryClass="org.jboss.example.microcontainer.supply.StaticBinder"/>
      <supply>pojo</supply>
   </bean>

</deployment>
