<assembly>
  <id>aop</id>
  <formats>
    <format>zip</format>
  </formats>
  <includeBaseDirectory>false</includeBaseDirectory>
  <files>
    <file>
      <source>src/main/config/aop-beans.xml</source>
      <destName>jboss-beans.xml</destName>
    </file>
  </files>
  <dependencySets>
    <dependencySet>
      <outputDirectory>/lib</outputDirectory>
      <unpack>false</unpack>
      <includes>
        <include>org.jboss.microcontainer.examples:humanResourcesService</include>
        <include>org.jboss.microcontainer.examples:auditAspect</include>
        <include>org.jboss.aop:jboss-aop</include>
        <include>org.jboss.microcontainer:jboss-aop-mc-int</include>
        <include>org.jboss:javassist</include>
        <include>trove:trove</include>
      </includes>
    </dependencySet>
  </dependencySets>
  <componentDescriptors>
    <componentDescriptor>src/main/assembly/common.xml</componentDescriptor>
  </componentDescriptors>
</assembly>
