<assembly>
  <id>cl</id>
  <formats>
    <format>zip</format>
  </formats>
  <includeBaseDirectory>false</includeBaseDirectory>
  <files>
    <file>
      <source>src/main/config/classloader-beans.xml</source>
      <destName>jboss-beans.xml</destName>
      <filtered>true</filtered>
    </file>
  </files>
  <dependencySets>
    <dependencySet>
      <outputDirectory>/otherLib</outputDirectory>
      <unpack>false</unpack>
      <scope>runtime</scope>
       <includes>
        <include>org.jboss.microcontainer.examples:humanResourcesService</include>
      </includes>
    </dependencySet>
  </dependencySets>
  <componentDescriptors>
    <componentDescriptor>src/main/assembly/common.xml</componentDescriptor>
  </componentDescriptors>
</assembly>
