<component>
  <fileSets>
    <fileSet>
      <directory>target</directory>
      <outputDirectory/>
      <includes>
        <include>*.jar</include>
      </includes>
    </fileSet>
  </fileSets>
  <files>
    <file>
      <source>src/main/config/run.sh</source>
      <fileMode>0744</fileMode>
    </file>
  </files>
  <dependencySets>
    <dependencySet>
      <outputDirectory>/lib</outputDirectory>
      <unpack>false</unpack>
      <scope>runtime</scope>
       <!-- Need to explicity include dependencies here until optional dependencies are sorted out. -->
       <includes>
        <include>org.jboss.microcontainer:jboss-kernel</include>
        <include>org.jboss.microcontainer:jboss-dependency</include>
        <include>org.jboss.microcontainer:jboss-container</include>
        <include>org.jboss:jboss-common-core</include>
        <include>jboss:jboss-common-core</include>
        <include>jboss:jboss-common-logging-spi</include>
        <include>jboss:jboss-common-logging-log4j</include>
        <include>log4j:log4j</include>
        <include>org.jboss:jbossxb</include>
        <include>apache-xerces:xercesImpl</include>
        <include>oswego-concurrent:concurrent</include>
      </includes>
    </dependencySet>
  </dependencySets>
</component>
