<?xml version="1.0" encoding="UTF-8"?>
<web-app xmlns="http://geronimo.apache.org/xml/ns/j2ee/web-1.2">
    <dep:environment xmlns:dep="http://geronimo.apache.org/xml/ns/deployment-1.2">
        <dep:moduleId>
            <dep:groupId>default</dep:groupId>
            <dep:artifactId>WebAppJMSAccess</dep:artifactId>
            <dep:version>1.0</dep:version>
            <dep:type>war</dep:type>
        </dep:moduleId>
        <dep:dependencies>
            <dep:dependency>
                <dep:groupId>org.apache.geronimo.configs</dep:groupId>
                <dep:artifactId>activemq-ra</dep:artifactId>
                <dep:version>2.0-SNAPSHOT</dep:version>
                <dep:type>car</dep:type>
            </dep:dependency>
        </dep:dependencies>
    </dep:environment>
    <context-root>WebAppJMSAccess</context-root>
    <nam:resource-ref xmlns:nam="http://geronimo.apache.org/xml/ns/naming-1.2">
        <nam:ref-name>jms/TestConnectionFactory</nam:ref-name>
        <nam:pattern>
            <nam:groupId>org.apache.geronimo.configs</nam:groupId>
            <nam:artifactId>activemq-ra</nam:artifactId>
            <nam:version>2.0-SNAPSHOT</nam:version>
            <nam:name>DefaultActiveMQConnectionFactory</nam:name>
        </nam:pattern>
    </nam:resource-ref>
    <nam:message-destination xmlns:nam="http://geronimo.apache.org/xml/ns/naming-1.2">
        <nam:message-destination-name>TestQueue</nam:message-destination-name>
        <nam:admin-object-link>SendReceiveQueue</nam:admin-object-link>
    </nam:message-destination>
</web-app>