<?xml version='1.0' encoding='utf-8'?>
<!DOCTYPE hibernate-configuration PUBLIC
        "-//Hibernate/Hibernate Configuration DTD 3.0//EN"
        "http://hibernate.sourceforge.net/hibernate-configuration-3.0.dtd">

<!-- DO NOT EDIT: This is a generated file that is synchronized -->
<!-- by MyEclipse Hibernate tool integration.                   -->
<hibernate-configuration>

 <session-factory>
 <!-- properties -->

 <property name="connection.datasource">java:comp/env/jdbc/HibernateDB</property>
 <property name="hibernate.transaction.manager_lookup_class">org.hibernate.transaction.GeronimoTransactionManagerLookup</property>
 
 <!-- <property name="hibernate.session_factory_name">java:comp/env/hibernate/SessionFactory</property> -->
        
 <property name="hibernate.dialect">org.hibernate.dialect.MySQLDialect</property>
 <!--  <property name="hibernate.connection.provider_class">org.apache.geronimo.hibernate.connection.GeronimoConnectionProvider</property> -->

 <!-- Disable the second-level cache  -->
<property name="hibernate.cache.provider_class">org.hibernate.cache.NoCacheProvider</property> 
<property name="hibernate.current_session_context_class">org.hibernate.context.JTASessionContext</property>
 <!-- Echo all executed SQL to stdout -->
 <property name="hibernate.show_sql">true</property>

 <!-- Drop and re-create the database schema on startup -->
 <!-- <property name="hibernate.hbm2ddl.auto">create</property> -->
 
 <!-- mapping files -->
 <!-- <mapping resource="com/dev/trade/bo/Stock.hbm.xml"/>
 <mapping resource="com/dev/trade/bo/UserStock.hbm.xml"/>
 <mapping resource="com/dev/trade/bo/User.hbm.xml"/> -->
 <mapping resource="Stock.hbm.xml"/>
 <mapping resource="UserStock.hbm.xml"/>
 <mapping resource="User.hbm.xml"/> 
 
 </session-factory>
</hibernate-configuration>

