<?xml version="1.0"?>
<!DOCTYPE hibernate-mapping PUBLIC
        "-//Hibernate/Hibernate Mapping DTD 3.0//EN"
        "http://hibernate.sourceforge.net/hibernate-mapping-3.0.dtd">

<hibernate-mapping>
 <class name="com.dev.trade.bo.UserStock" table="userstocks" >
  <composite-id>
        <key-property name="id" column="id" type="string"/>
        <key-property name="userId" column="userid" type="string"/>
 </composite-id> 
 <property name="name" column="name" type="string" />
 <property name="price" column="price" type="float" />
 <property name="quantity" column="quantity" type="integer" />
 </class>
</hibernate-mapping>