<?xml version="1.0" encoding="UTF-8"?>

<!-- $Id: mysql-ds.xml,v 1.3.2.1 2004/12/01 11:46:00 schrouf Exp $ -->
<!--  Datasource config for MySQL using 3.0.9 available from:
http://www.mysql.com/downloads/api-jdbc-stable.html
-->

<datasources>

  <local-tx-datasource>
        <jndi-name>jdbc/TradeDB</jndi-name>
        <connection-url>jdbc:mysql://localhost:3306/tradedb</connection-url>
        <driver-class>com.mysql.jdbc.Driver</driver-class>
        <user-name>root</user-name>
        <password>password</password>
        <exception-sorter-class-name>org.jboss.resource.adapter.jdbc.vendor.MySQLExceptionSorter</exception-sorter-class-name>        
  </local-tx-datasource>
 </datasources>

